{
  "run_id": "54d388a4b5204ce089597e2aad737d1d",
  "notebook": "07_standard_maml_xuetangx",
  "dataset": "xuetangx",
  "run_tag": "20260409_131647",
  "created_at": "2026-04-09T14:12:45",
  "config": {
    "K_support": 5,
    "Q_query": 10,
    "alpha_base": 0.01,
    "num_inner_steps": 5,
    "outer_lr": 0.001,
    "batch_size": 32,
    "n_iterations": 3000,
    "global_seed": 20260107,
    "gru_cfg": {
      "embedding_dim": 64,
      "hidden_dim": 128,
      "num_layers": 1,
      "dropout": 0.0
    }
  },
  "test_metrics": {
    "hr1": 0.23356997971602433,
    "hr5": 0.3954361054766734,
    "hr10": 0.4746450304259635,
    "ndcg10": 0.3435375195128366,
    "mrr": 0.3148658337435125,
    "n": 9860
  },
  "val_best": {
    "best_iter": 2800,
    "best_val_hr10": 0.49118895966029724
  },
  "ablation_support_sizes": {
    "1": {
      "hr1": 0.21064908722109532,
      "hr5": 0.38255578093306286,
      "hr10": 0.4603448275862069,
      "ndcg10": 0.3261515671473728,
      "mrr": 0.2966276757384185,
      "n": 9860
    },
    "3": {
      "hr1": 0.22545638945233265,
      "hr5": 0.3931034482758621,
      "hr10": 0.46906693711967545,
      "ndcg10": 0.3376115224854209,
      "mrr": 0.30887264009960125,
      "n": 9860
    },
    "5": {
      "hr1": 0.23356997971602433,
      "hr5": 0.3954361054766734,
      "hr10": 0.4746450304259635,
      "ndcg10": 0.3435375195128366,
      "mrr": 0.3148658337435125,
      "n": 9860
    },
    "10": {
      "hr1": 0.23356997971602433,
      "hr5": 0.3954361054766734,
      "hr10": 0.4746450304259635,
      "ndcg10": 0.3435375195128366,
      "mrr": 0.3148658337435125,
      "n": 9860
    }
  },
  "ablation_steps": {
    "1": {
      "hr1": 0.21308316430020283,
      "hr5": 0.3746450304259635,
      "hr10": 0.45669371196754566,
      "ndcg10": 0.3245531029307269,
      "mrr": 0.29584103271515966,
      "n": 9860
    },
    "3": {
      "hr1": 0.22505070993914808,
      "hr5": 0.3879310344827586,
      "hr10": 0.46551724137931033,
      "ndcg10": 0.3352769132934767,
      "mrr": 0.30705580549392153,
      "n": 9860
    },
    "5": {
      "hr1": 0.23356997971602433,
      "hr5": 0.3954361054766734,
      "hr10": 0.4746450304259635,
      "ndcg10": 0.3435375195128366,
      "mrr": 0.3148658337435125,
      "n": 9860
    },
    "10": {
      "hr1": 0.2411764705882353,
      "hr5": 0.4088235294117647,
      "hr10": 0.486815415821501,
      "ndcg10": 0.3540850209457676,
      "mrr": 0.3246571315740556,
      "n": 9860
    }
  },
  "checkpoint": "/home/user/jamalla/anonymous-users-mooc-session-meta/models/maml/maml_standard_xuetangx.pth"
}