{
  "run_id": "abfbcfe841f34092a4f32a9f3b738672",
  "notebook": "07_standard_maml_mars",
  "dataset": "mars",
  "run_tag": "20260409_194423",
  "created_at": "2026-04-09T20:16:53",
  "config": {
    "K_support": 5,
    "Q_query": 10,
    "alpha_base": 0.01,
    "num_inner_steps": 5,
    "outer_lr": 0.001,
    "batch_size": 32,
    "n_iterations": 3000,
    "global_seed": 20260107,
    "gru_cfg": {
      "embedding_dim": 64,
      "hidden_dim": 128,
      "num_layers": 1,
      "dropout": 0.0
    }
  },
  "test_metrics": {
    "hr1": 0.1411764705882353,
    "hr5": 0.16470588235294117,
    "hr10": 0.17647058823529413,
    "ndcg10": 0.15553109638467144,
    "mrr": 0.1536307983028604,
    "n": 170
  },
  "val_best": {
    "best_iter": 100,
    "best_val_hr10": 0.016666666666666666
  },
  "ablation_support_sizes": {
    "1": {
      "hr1": 0.1411764705882353,
      "hr5": 0.16470588235294117,
      "hr10": 0.17058823529411765,
      "ndcg10": 0.15357031207094593,
      "mrr": 0.15320612411043363,
      "n": 170
    },
    "3": {
      "hr1": 0.1411764705882353,
      "hr5": 0.16470588235294117,
      "hr10": 0.17058823529411765,
      "ndcg10": 0.15357031207094593,
      "mrr": 0.15303015265212985,
      "n": 170
    },
    "5": {
      "hr1": 0.1411764705882353,
      "hr5": 0.16470588235294117,
      "hr10": 0.17647058823529413,
      "ndcg10": 0.15553109638467144,
      "mrr": 0.1536307983028604,
      "n": 170
    },
    "10": {
      "hr1": 0.1411764705882353,
      "hr5": 0.16470588235294117,
      "hr10": 0.17647058823529413,
      "ndcg10": 0.15553109638467144,
      "mrr": 0.1536307983028604,
      "n": 170
    }
  },
  "ablation_steps": {
    "1": {
      "hr1": 0.1411764705882353,
      "hr5": 0.16470588235294117,
      "hr10": 0.17058823529411765,
      "ndcg10": 0.1534854010055239,
      "mrr": 0.15298176751414144,
      "n": 170
    },
    "3": {
      "hr1": 0.1411764705882353,
      "hr5": 0.16470588235294117,
      "hr10": 0.17647058823529413,
      "ndcg10": 0.1553410767513223,
      "mrr": 0.15335209642303838,
      "n": 170
    },
    "5": {
      "hr1": 0.1411764705882353,
      "hr5": 0.16470588235294117,
      "hr10": 0.17647058823529413,
      "ndcg10": 0.15553109638467144,
      "mrr": 0.1536307983028604,
      "n": 170
    },
    "10": {
      "hr1": 0.1411764705882353,
      "hr5": 0.16470588235294117,
      "hr10": 0.17647058823529413,
      "ndcg10": 0.15602854380326642,
      "mrr": 0.15437817580630747,
      "n": 170
    }
  },
  "checkpoint": "/home/user/jamalla/anonymous-users-mooc-session-meta/models/maml/maml_standard_mars.pth"
}