{
  "run_id": "aeeffdeec7d442ef9f69c28badeb9feb",
  "notebook": "06_base_model_selection_xuetangx",
  "run_tag": "20260408_221755",
  "created_at": "2026-04-08T22:17:55",
  "metrics": {
    "random": {
      "hr1": 0.0005070993914807302,
      "hr5": 0.002839756592292089,
      "hr10": 0.006997971602434077,
      "ndcg10": 0.0030191142644597877,
      "mrr": 0.0052238887412032805
    },
    "popularity": {
      "hr1": 0.018356997971602434,
      "hr5": 0.06389452332657201,
      "hr10": 0.11044624746450304,
      "ndcg10": 0.05697124067707665,
      "mrr": 0.05386629015289399
    },
    "session_knn": {
      "hr1": 0.13174442190669372,
      "hr5": 0.350709939148073,
      "hr10": 0.4298174442190669,
      "ndcg10": 0.27430323902282244,
      "mrr": 0.23551263073297463
    },
    "sasrec": {
      "hr1": 0.25649087221095335,
      "hr5": 0.43204868154158216,
      "hr10": 0.5175456389452333,
      "ndcg10": 0.37575216865802236,
      "mrr": 0.3441552060815254
    },
    "gru4rec": {
      "hr1": 0.24918864097363083,
      "hr5": 0.4351926977687627,
      "hr10": 0.5186612576064908,
      "ndcg10": 0.3736298630184737,
      "mrr": 0.3403536330469237
    }
  },
  "key_findings": [
    "Selected backbone: GRU4Rec (highest HR@10=51.87%)",
    "GRU4Rec HR@10=51.87%  NDCG@10=37.36%  MRR=34.04%",
    "SASRec  HR@10=51.75%  NDCG@10=37.58%  MRR=34.42%",
    "Test episodes: 986",
    "Protocol: K=5 support, Q=10 query (zero-shot, no adaptation)"
  ],
  "notes": [
    "GRU weights saved to: /home/user/jamalla/anonymous-users-mooc-session-meta/models/baselines/gru_global_xuetangx.pth  sha256=ccb3b178b0f4a78bc769d08334bc14b701b65411404bb9d2e8b642c04e4e0ea0"
  ]
}