{
  "run_id": "87ee5f34c2404bc8b21e30b0fe7cb0a6",
  "notebook": "09_srs_validation_mars",
  "run_tag": "20260409_213613",
  "created_at": "2026-04-09T21:36:13",
  "metrics": {
    "mean": 0.2665287147950089,
    "std": 0.2412526256275706,
    "min": 0.079073,
    "p25": 0.099476,
    "p50": 0.162698,
    "p75": 0.313004,
    "max": 1.0,
    "tier_low": 0.7647058823529411,
    "tier_medium": 0.14260249554367202,
    "tier_high": 0.09269162210338681,
    "n_sessions": 561,
    "corr_srs_n_events": 0.9016028086760158,
    "corr_srs_duration": 0.8561873339523759
  },
  "key_findings": [
    "SRS scores span full [0,1] range. 76.5% of sessions are low-reliability (SRS<0.33), 9.3% are high-reliability (SRS>=0.66). Pearson r(SRS, n_events)=0.902 — SRS correlates with session intensity but is not reducible to it (composition and extent add independent signal)."
  ],
  "notes": []
}