{
  "run_id": "d171ab46cb2241cab4135af91a46d7b7",
  "notebook": "06_base_model_selection_mars",
  "run_tag": "20260409_194345",
  "created_at": "2026-04-09T19:43:45",
  "metrics": {
    "random": {
      "hr1": 0.0,
      "hr5": 0.0,
      "hr10": 0.0058823529411764705,
      "ndcg10": 0.00196078431372549,
      "mrr": 0.009172886908240037
    },
    "popularity": {
      "hr1": 0.0058823529411764705,
      "hr5": 0.023529411764705882,
      "hr10": 0.041176470588235294,
      "ndcg10": 0.019969183105701668,
      "mrr": 0.021389070540071223
    },
    "session_knn": {
      "hr1": 0.29411764705882354,
      "hr5": 0.37058823529411766,
      "hr10": 0.38823529411764707,
      "ndcg10": 0.34056238993223775,
      "mrr": 0.3281478114638188
    },
    "gru4rec": {
      "hr1": 0.17647058823529413,
      "hr5": 0.25882352941176473,
      "hr10": 0.2823529411764706,
      "ndcg10": 0.22992021603299714,
      "mrr": 0.21946014201780883
    }
  },
  "key_findings": [
    "Selected backbone: Session-KNN (highest HR@10=38.82%)",
    "GRU4Rec HR@10=28.24%  NDCG@10=22.99%  MRR=21.95%",
    "Test episodes: 17",
    "Best epoch: 17 / 20 (val HR@10=8.33%)",
    "Protocol: K=5 support, Q=10 query (zero-shot, no adaptation)"
  ],
  "notes": [
    "GRU weights saved to: /home/user/jamalla/anonymous-users-mooc-session-meta/models/baselines/gru_global_mars.pth  sha256=48c6972e055eaa0b0f86bbcd3b8752d6d85f9aad89cd6cfe301b88899c1969d9"
  ]
}