{
  "notebook": "10_srs_adaptive_maml_mars",
  "dataset": "mars",
  "timestamp": "2026-04-10T03:19:48.867112Z",
  "seed": 20260107,
  "warmstart": false,
  "alpha_base": 0.01,
  "tau": 0.5,
  "k_min": 3,
  "k_max": 7,
  "outer_lr": 0.001,
  "batch_size": 32,
  "n_iter": 3000,
  "k_support": 5,
  "q_query": 10,
  "test_episodes": 17,
  "best_iter": 100,
  "best_val_hr10": 0.016666666666666666,
  "test_hr1": 0.14705882352941177,
  "test_hr5": 0.16470588235294117,
  "test_hr10": 0.1823529411764706,
  "test_ndcg10": 0.16165909204535758,
  "test_mrr": 0.15897941053910294
}