Method,Acc@1,Recall@5,Recall@10,MRR,vs Baseline
GRU Baseline,0.33728323699421964,0.5589595375722544,0.6575144508670521,0.4437668869172203,+0.00 pp
MAML (Random Init),0.30520231213872834,0.5040462427745664,0.6095375722543352,0.4053027602827658,-3.21 pp
MAML Warm-Start,0.32283236994219655,0.5514450867052023,0.6393063583815028,0.43359347994961367,-1.45 pp
Residual MAML,0.3161849710982659,0.5130057803468208,0.6060693641618498,0.41512866231727563,-2.11 pp
Warm-Start + Residual (Ours),0.34190751445086703,0.5728323699421966,0.6687861271676301,0.43897765850077924,+0.46 pp
