{
  "run_id": "bbd5474703c24bdc9690f7169ae68270",
  "k_shot_config": {
    "K": 5,
    "Q": 10
  },
  "n_test_episodes": 346,
  "baselines": {
    "random": {
      "accuracy@1": 0.0017341040462427746,
      "recall@5": 0.010404624277456647,
      "recall@10": 0.024277456647398842,
      "mrr": 0.016389248163247792
    },
    "popularity": {
      "accuracy@1": 0.02601156069364162,
      "recall@5": 0.11820809248554913,
      "recall@10": 0.21445086705202313,
      "mrr": 0.08920790616186572
    },
    "gru_global": {
      "accuracy@1": 0.33728323699421964,
      "recall@5": 0.5589595375722544,
      "recall@10": 0.6575144508670521,
      "mrr": 0.4437668869172203
    },
    "sasrec": {
      "accuracy@1": 0.18352601156069365,
      "recall@5": 0.4823699421965318,
      "recall@10": 0.6104046242774567,
      "mrr": 0.32741473559477446
    },
    "sessionknn": {
      "accuracy@1": 0.15,
      "recall@5": 0.4653179190751445,
      "recall@10": 0.577456647398844,
      "mrr": 0.2967016726167441
    }
  }
}