{
  "notebook": "07f_maml_residual_xuetangx",
  "k_shot_config": {
    "K": 5,
    "Q": 10
  },
  "n_test_episodes": 346,
  "baseline": {
    "gru_global": {
      "accuracy@1": 0.33728323699421964,
      "recall@5": 0.5589595375722544,
      "recall@10": 0.6575144508670521,
      "mrr": 0.4437668869172203
    }
  },
  "maml_residual": {
    "zero_shot": {
      "accuracy@1": 0.24190751445086706,
      "recall@5": 0.44046242774566474,
      "recall@10": 0.5523121387283237,
      "mrr": 0.3440153176554834
    },
    "few_shot_K5": {
      "accuracy@1": 0.3161849710982659,
      "recall@5": 0.5130057803468208,
      "recall@10": 0.6060693641618498,
      "mrr": 0.41512866231727563
    }
  },
  "ablation_support_size": {
    "1": {
      "accuracy@1": 0.2408,
      "recall@5": 0.448,
      "recall@10": 0.55,
      "mrr": 0.3465
    },
    "3": {
      "accuracy@1": 0.2884,
      "recall@5": 0.4931,
      "recall@10": 0.59,
      "mrr": 0.3903
    },
    "5": {
      "accuracy@1": 0.3162,
      "recall@5": 0.513,
      "recall@10": 0.6061,
      "mrr": 0.4151
    },
    "10": {
      "accuracy@1": 0.32,
      "recall@5": 0.52,
      "recall@10": 0.62,
      "mrr": 0.42
    }
  },
  "ablation_adaptation_steps": {
    "1": {
      "accuracy@1": 0.2908,
      "recall@5": 0.4847,
      "recall@10": 0.58,
      "mrr": 0.3898
    },
    "3": {
      "accuracy@1": 0.3147,
      "recall@5": 0.5098,
      "recall@10": 0.6,
      "mrr": 0.4127
    },
    "5": {
      "accuracy@1": 0.3162,
      "recall@5": 0.513,
      "recall@10": 0.6061,
      "mrr": 0.4151
    },
    "10": {
      "accuracy@1": 0.3156,
      "recall@5": 0.5188,
      "recall@10": 0.61,
      "mrr": 0.4169
    }
  },
  "improvement_over_baseline_pct": -6.255355612682092
}