{
  "run_id": "64403e60179e4b15a9dfdd527009c217",
  "k_shot_config": {
    "K": 5,
    "Q": 10
  },
  "n_test_episodes": 346,
  "baseline": {
    "gru_global": {
      "accuracy@1": 0.33728323699421964,
      "recall@5": 0.5589595375722544,
      "recall@10": 0.6575144508670521,
      "mrr": 0.4437668869172203
    }
  },
  "maml": {
    "zero_shot": {
      "accuracy@1": 0.24942196531791908,
      "recall@5": 0.4598265895953757,
      "recall@10": 0.5684971098265896,
      "mrr": 0.35534549503777463
    },
    "few_shot_K5": {
      "accuracy@1": 0.32283236994219655,
      "recall@5": 0.5514450867052023,
      "recall@10": 0.6393063583815028,
      "mrr": 0.4335930682439996
    }
  },
  "ablation_support_size": {
    "1": {
      "accuracy@1": 0.22919075144508672,
      "recall@5": 0.4667630057803468,
      "recall@10": 0.5739884393063583,
      "mrr": 0.3445235315820485
    },
    "3": {
      "accuracy@1": 0.30346820809248554,
      "recall@5": 0.5283236994219653,
      "recall@10": 0.619942196531792,
      "mrr": 0.4121742195620257
    },
    "5": {
      "accuracy@1": 0.32283236994219655,
      "recall@5": 0.5514450867052023,
      "recall@10": 0.6393063583815028,
      "mrr": 0.4335930682439996
    }
  },
  "ablation_adaptation_steps": {
    "1": {
      "accuracy@1": 0.3130057803468208,
      "recall@5": 0.5251445086705202,
      "recall@10": 0.615606936416185,
      "mrr": 0.41753283457263723
    },
    "3": {
      "accuracy@1": 0.3236994219653179,
      "recall@5": 0.5447976878612717,
      "recall@10": 0.6375722543352601,
      "mrr": 0.4329507213092068
    },
    "5": {
      "accuracy@1": 0.32283236994219655,
      "recall@5": 0.5514450867052023,
      "recall@10": 0.6393063583815028,
      "mrr": 0.4335930682439996
    },
    "10": {
      "accuracy@1": 0.319364161849711,
      "recall@5": 0.5540462427745665,
      "recall@10": 0.6410404624277457,
      "mrr": 0.43211244633113205
    }
  },
  "improvement_over_baseline_pct": -4.284490145672655,
  "training_history": {
    "meta_iterations": [],
    "meta_train_loss": [],
    "val_accuracy": [],
    "val_iterations": []
  }
}