{
  "dataset": "MARS",
  "n_items": 777,
  "n_train_pairs": 2388,
  "n_test_pairs": 241,
  "baselines": {
    "gru_global": {
      "accuracy@1": 0.3029045643153527,
      "recall@5": 0.3651452282157676,
      "recall@10": 0.4066390041493776,
      "mrr": 0.3377254126007204
    },
    "sasrec": {
      "accuracy@1": 0.24066390041493776,
      "recall@5": 0.3112033195020747,
      "recall@10": 0.34439834024896265,
      "mrr": 0.27847650264065343
    },
    "sessionknn": {
      "accuracy@1": 0.004149377593360996,
      "recall@5": 0.17012448132780084,
      "recall@10": 0.29045643153526973,
      "mrr": 0.09432026101541001
    },
    "random": {
      "accuracy@1": 0.0,
      "recall@5": 0.004149377593360996,
      "recall@10": 0.008298755186721992,
      "mrr": 0.006685553041761775
    },
    "popularity": {
      "accuracy@1": 0.012448132780082987,
      "recall@5": 0.07883817427385892,
      "recall@10": 0.11618257261410789,
      "mrr": 0.049212389685368736
    }
  }
}