{
  "run_id": "6c0742bcd7e54567bb11af1f62f431de",
  "notebook": "10_srs_adaptive_maml_xuetangx",
  "dataset": "xuetangx",
  "run_tag": "20260409_155705",
  "created_at": "2026-04-09T16:36:43",
  "config": {
    "K_support": 5,
    "Q_query": 10,
    "alpha_base": 0.01,
    "tau": 0.5,
    "k_min": 3,
    "k_max": 7,
    "outer_lr": 0.001,
    "batch_size": 32,
    "n_iterations": 3000,
    "global_seed": 20260107,
    "gru_cfg": {
      "embedding_dim": 64,
      "hidden_dim": 128,
      "num_layers": 1,
      "dropout": 0.0
    },
    "warmstart": false,
    "srs_adaptive": true
  },
  "test_metrics": {
    "hr1": 0.21906693711967545,
    "hr5": 0.3783975659229209,
    "hr10": 0.4619675456389452,
    "ndcg10": 0.3295885944036756,
    "mrr": 0.3006874733089603,
    "n": 9860
  },
  "val_best": {
    "best_iter": 2900,
    "best_val_hr10": 0.4691082802547771
  },
  "checkpoint": "/home/user/jamalla/anonymous-users-mooc-session-meta/models/maml/maml_srs_adaptive_xuetangx.pth"
}