{
  "run_id": "a715f584f37c487c9a2f9906fb585c21",
  "notebook": "09_srs_validation_xuetangx",
  "run_tag": "20260409_155532",
  "created_at": "2026-04-09T15:55:32",
  "metrics": {
    "mean": 0.3248493912765726,
    "std": 0.2325168826614101,
    "min": 0.061353,
    "p25": 0.136619,
    "p50": 0.245584,
    "p75": 0.448658,
    "max": 1.0,
    "tier_low": 0.6275695350866837,
    "tier_medium": 0.2584413592676487,
    "tier_high": 0.11398910564566758,
    "n_sessions": 906341,
    "corr_srs_n_events": 0.5029997758465105,
    "corr_srs_duration": 0.8240390988702456
  },
  "key_findings": [
    "SRS scores span full [0,1] range. 62.8% of sessions are low-reliability (SRS<0.33), 11.4% are high-reliability (SRS>=0.66). Pearson r(SRS, n_events)=0.503 — SRS correlates with session intensity but is not reducible to it (composition and extent add independent signal)."
  ],
  "notes": []
}